,x1,y1,Mean,Mean_uncer,sigma,sigma_uncer,A,A_uncer
0,200,200,3418.378284,0.133880841,17.15196908,0.017924918,226.1664309,2.337724691
1,300,200,3417.275416,0.141933045,15.02957965,0.020172526,264.5711926,4.691861369
2,400,200,3418.964122,0.102116189,13.03922214,0.010431118,298.7949676,4.106872575
3,500,200,3421.349354,0.087636357,12.13052405,0.00768237,324.2754991,4.116436176
4,600,200,3424.411862,0.101189249,12.71457742,0.010210466,287.3611959,3.905840964
5,700,200,3424.154752,0.122421833,11.61769986,0.014989278,341.2701925,9.70156021
6,800,200,3424.712031,0.101696794,12.14756328,0.010253162,321.0200326,5.375334284
7,900,200,3423.553161,0.096975292,12.12886899,0.009409827,317.3294428,4.833223338
8,1000,200,3423.661485,0.085962501,12.48611799,0.007394896,292.2563076,3.036758536
9,1100,200,3423.736522,0.090152403,12.41640112,0.008146247,299.4591594,3.545829132
10,1200,200,3424.638815,0.094256579,12.58966638,0.008883283,304.1056744,3.874263045
11,1300,200,3425.455979,0.104503306,13.41242692,0.010929357,288.3263279,3.785598516
12,1400,200,3420.849891,0.172522366,12.49749862,0.029780879,219.9843083,6.918153503
13,1500,200,3414.593582,0.127821392,11.98237197,0.016396801,331.694394,9.403142726
14,1600,200,3409.992787,0.073310063,11.48010607,0.005358574,336.8426411,3.46331579
15,1700,200,3407.358724,0.07555421,11.57699052,0.005679206,325.8127208,3.378448001
16,1800,200,3405.415964,0.087792599,11.90581907,0.007713692,312.1864911,3.965055581
17,1900,200,3406.284995,0.091772501,12.19090993,0.008462285,308.0092017,4.046725133
18,2000,200,3405.77064,0.08809227,11.66115104,0.007723534,325.3563692,4.504431724
19,2100,200,3405.07095,0.093156581,12.27376205,0.008759619,316.9502382,4.363823558
20,2200,200,3404.923441,0.092538179,14.81385349,0.008572788,257.1060571,1.934921842
21,2300,200,3404.772549,0.145316581,18.10741373,0.021137109,214.7666544,2.230801806
22,2400,200,3404.273483,0.176498149,20.70063133,0.031157215,186.3006881,1.892452615
23,2500,200,3407.917088,0.465064555,28.67170795,0.216544436,93.24445102,1.715246911
24,200,300,3419.592211,0.16663305,15.88663694,0.027780998,243.4816485,4.891248624
25,300,300,3419.546865,0.109296961,12.34913042,0.011954269,320.412123,6.037714059
26,400,300,3419.189987,0.120108078,10.56085742,0.014421757,373.9525529,13.56671071
27,500,300,3421.915165,0.104366019,10.12213181,0.010870975,383.4083649,11.69923366
28,600,300,3425.144904,0.079068865,10.52811832,0.006226823,361.7607076,5.516445956
29,700,300,3424.893089,0.080135904,10.45041026,0.006421505,368.5072364,5.986415831
30,800,300,3424.272651,0.066110825,10.33110229,0.004368203,368.6217033,4.206919103
31,900,300,3422.812749,0.0934714,10.05412046,0.00874743,389.4339338,9.832796835
32,1000,300,3423.242942,0.074716729,10.56208713,0.005587685,357.3650654,4.794163454
33,1100,300,3424.50961,0.118623763,10.63954212,0.014070415,355.3988751,11.77162476
34,1200,300,3427.158447,0.082489388,10.46962395,0.006806468,357.9161255,5.964627653
35,1300,300,3426.35162,0.10429218,10.50331534,0.01088214,327.2000937,7.917997951
36,1400,300,3426.60198,0.169922147,11.13769754,0.028933389,201.0058979,7.062014135
37,1500,300,3416.371473,0.094807588,10.70542207,0.008994933,341.1443615,6.846421885
38,1600,300,3409.866862,0.060635855,10.08540123,0.003684199,369.9493893,3.707576852
39,1700,300,3408.707044,0.090665738,10.67921262,0.008191105,347.0037824,6.48787724
40,1800,300,3406.035928,0.077027912,9.794606268,0.005934707,400.8679458,7.45429528
41,1900,300,3405.068428,0.103221353,10.10559615,0.010670077,380.8968567,11.33735143
42,2000,300,3404.95235,0.066635967,10.16805043,0.004441842,371.6556232,4.449493385
43,2100,300,3405.440218,0.101180268,10.64868872,0.010240416,359.8872172,8.760864465
44,2200,300,3404.420542,0.110617406,11.59577823,0.012204571,336.8174731,7.717596405
45,2300,300,3403.891956,0.129598544,14.56063178,0.016760568,265.071384,4.127510239
46,2400,300,3403.261025,0.188281238,20.03117939,0.035450995,191.2031354,2.422467216
47,2500,300,3403.614337,0.553366378,28.29639514,0.307823676,98.72243217,2.798797353
48,200,400,3418.59349,0.091566653,13.1940683,0.008379772,289.8475632,3.02493866
49,300,400,3419.870687,0.075785328,10.80186756,0.005781601,361.5751205,4.860620308
50,400,400,3421.267571,0.077217958,9.916957022,0.005953818,390.9852566,6.934509404
51,500,400,3422.247284,0.071162859,9.075304245,0.005089477,420.4387835,8.17756213
52,600,400,3422.579239,0.075947742,8.801202394,0.005769102,449.6342791,11.29127972
53,700,400,3423.33462,0.101530441,8.907845785,0.010315129,441.1309043,18.95562081
54,800,400,3423.212799,0.055645299,8.829266466,0.003085422,438.2601485,5.708195623
55,900,400,3424.050444,0.081799372,8.651367018,0.006669658,454.1166354,13.76784604
56,1000,400,3428.2803,0.064610021,9.098982326,0.004177563,405.580765,6.221222083
57,1100,400,3428.363157,0.079014914,9.265056663,0.006247031,412.3890505,9.277755453
58,1200,400,3426.975568,0.054311208,9.108345305,0.00297233,395.0182299,4.241782973
59,1300,400,3425.251832,0.071807101,9.369492049,0.005145273,350.201241,5.332314831
60,1400,400,3421.381551,0.111420157,9.642047359,0.012431041,255.5895974,6.547206167
61,1500,400,3417.752717,0.075472938,9.320400029,0.00570426,361.5619692,6.455692782
62,1600,400,3411.460083,0.092500277,9.615726523,0.008644245,379.1060224,10.0449955
63,1700,400,3407.660397,0.04391672,8.803995903,0.001917423,435.0413769,3.51906443
64,1800,400,3405.609948,0.06053218,8.668482967,0.003646045,441.9469713,7.070928679
65,1900,400,3405.426975,0.080349557,9.109055128,0.006458519,419.0660868,10.24998539
66,2000,400,3404.826164,0.082764856,9.038695645,0.006857306,430.0777373,11.63693032
67,2100,400,3404.516051,0.060604393,10.07128299,0.003657572,364.9011597,3.5754358
68,2200,400,3403.977078,0.072639465,10.54193946,0.005284529,354.1284296,4.478799273
69,2300,400,3407.865015,0.122980362,14.73070014,0.01512616,239.1169561,2.988866147
70,2400,400,3407.264804,0.1692498,19.74019276,0.028609663,167.644809,1.547808774
71,2500,400,3403.890858,0.573265213,28.52027671,0.330593445,97.97222955,2.91560036
72,200,500,3420.052224,0.09740497,12.11576296,0.009495541,319.1774484,4.940375435
73,300,500,3421.486212,0.102937195,10.31783582,0.010599328,378.2616449,10.68138506
74,400,500,3423.24915,0.076413271,9.289461957,0.005846452,406.1917249,8.373991602
75,500,500,3422.834802,0.084771887,8.530275722,0.00718673,462.2180113,15.81942402
76,600,500,3423.437198,0.0621811,8.417840443,0.003814551,456.2046616,8.45143116
77,700,500,3423.75173,0.0611667,8.496507838,0.0037626,453.1342562,8.123476094
78,800,500,3425.033216,0.080951186,8.909782494,0.006573069,424.4709398,11.16433023
79,900,500,3425.930364,0.085745309,8.874891679,0.007333239,435.655373,13.21399054
80,1000,500,3427.19467,0.057241089,8.572462947,0.003275694,434.3754656,6.310442818
81,1100,500,3429.481153,0.068457648,8.903582826,0.004686765,446.511574,8.839829572
82,1200,500,3430.001463,0.059634161,9.194392512,0.003513525,376.912856,4.404544366
83,1300,500,3425.623204,0.087882046,9.00252611,0.007729353,423.0246728,12.79163457
84,1400,500,3421.26334,0.090602036,8.578226242,0.008213583,375.2844016,11.78439631
85,1500,500,3416.736536,0.064179629,8.638362427,0.004134599,431.7666381,7.716926271
86,1600,500,3412.387624,0.096955149,8.779910514,0.009306421,432.7973232,17.00339114
87,1700,500,3412.503625,0.147526673,10.09845143,0.021724334,316.5063368,15.97191559
88,1800,500,3407.201324,0.066268854,8.617820074,0.004409031,444.1100749,8.750648376
89,1900,500,3405.289246,0.070816227,8.283818815,0.005011629,472.690056,12.22732479
90,2000,500,3403.707582,0.065517556,8.19799238,0.004289572,474.9097167,10.79976228
91,2100,500,3404.710303,0.064542094,9.531203978,0.004138262,389.5981287,5.190233757
92,2200,500,3404.250963,0.067714664,10.44832179,0.00458429,373.3037596,4.389068754
93,2300,500,3404.593347,0.095870071,12.76984863,0.009387787,296.4553795,3.786845649
94,2400,500,3405.194878,0.141928612,18.16701267,0.020121095,206.5667538,1.947920657
95,2500,500,3404.366607,0.575759849,28.45039153,0.333068364,94.81044326,2.762855035
96,200,600,3420.858006,0.11559087,11.86144834,0.013368643,333.8224387,7.944013281
97,300,600,3421.796614,0.094986707,10.32671757,0.009026181,380.4280369,9.18406705
98,400,600,3422.124931,0.064801405,9.247475104,0.004200426,402.2219803,5.958542534
99,500,600,3422.96156,0.058578106,8.632331278,0.003425232,451.0631008,7.0141705
100,600,600,3423.982076,0.059059203,8.402604324,0.003485854,456.2653784,7.699152075
101,700,600,3423.493183,0.054969238,8.363416358,0.00300756,466.5026092,7.013859402
102,800,600,3424.378989,0.080165228,8.50762062,0.006435786,461.5343656,14.19498693
103,900,600,3425.72624,0.047419754,8.422321409,0.002248466,456.1321658,4.943926296
104,1000,600,3427.452945,0.071525031,8.66322601,0.005122253,426.6808035,9.380384878
105,1100,600,3427.92347,0.065070437,8.462054349,0.004234423,438.3466042,8.521289157
106,1200,600,3426.547189,0.066965485,8.421391704,0.004493492,462.4338301,10.18000478
107,1300,600,3425.811906,0.066298731,9.0256348,0.004381057,400.1493543,6.367181477
108,1400,600,3421.565095,0.078716914,8.565898623,0.006201477,381.2095316,9.204231176
109,1500,600,3416.542281,0.067435285,8.406488759,0.004553631,466.1215192,10.49952337
110,1600,600,3411.212348,0.051740348,8.194610249,0.002681033,481.1818565,6.934799294
111,1700,600,3409.307804,0.083190828,8.458100358,0.006917315,451.5863234,14.78861791
112,1800,600,3407.124436,0.068815211,8.568697037,0.004682624,445.3783709,9.512834902
113,1900,600,3405.342318,0.067010255,8.277140712,0.004490447,474.371778,11.06164182
114,2000,600,3403.955173,0.066096572,8.251143821,0.004369418,476.370998,10.86344165
115,2100,600,3404.479023,0.067901164,9.079266112,0.004632219,416.4889327,7.444521991
116,2200,600,3403.04308,0.091158629,10.32759995,0.008301732,381.9677024,8.524719693
117,2300,600,3403.030199,0.095858589,12.46090797,0.009193025,315.9648678,4.430275277
118,2400,600,3403.755864,0.152233248,17.4745348,0.023187421,220.6132226,2.774222242
119,2500,600,3404.436473,0.918425438,27.61654286,0.846906823,101.1896319,8.49927656
120,200,700,3423.192157,0.086718659,12.28780373,0.007480308,296.4731644,3.272566339
121,300,700,3420.969801,0.081410626,10.2104177,0.006646067,376.8830674,6.773954859
122,400,700,3421.205887,0.083948465,9.51455794,0.007150132,393.3471076,9.204075916
123,500,700,3420.980305,0.068840059,8.437082726,0.004720421,463.1186504,10.66270536
124,600,700,3422.339804,0.052035635,8.249048134,0.002695458,472.5761181,6.612194008
125,700,700,3422.355955,0.080006889,8.472022861,0.006404804,449.8491593,13.58368959
126,800,700,3423.290701,0.094664672,8.559006258,0.008962395,449.5673011,18.54325801
127,900,700,3424.206278,0.09118119,8.742109627,0.008257997,435.8415138,15.41917188
128,1000,700,3423.649552,0.057740543,8.412396972,0.003386979,435.9048644,6.829780812
129,1100,700,3424.742914,0.071426908,8.295548272,0.005124425,475.8938642,12.63504385
130,1200,700,3425.058748,0.050472552,8.222252545,0.002548434,471.1842497,6.274494771
131,1300,700,3422.970762,0.055753311,8.337268193,0.003120289,448.7888047,6.769404677
132,1400,700,3420.417884,0.072107073,8.394807922,0.005219031,381.5906664,8.078359058
133,1500,700,3415.744,0.069323444,8.543284761,0.004786996,445.907638,9.770430347
134,1600,700,3411.199436,0.085933145,8.277992297,0.007390041,476.5835653,18.36002917
135,1700,700,3408.674116,0.058579002,8.317634131,0.003434017,459.7066828,7.862485639
136,1800,700,3406.659026,0.058438424,8.167488451,0.003422461,454.7353742,7.886858014
137,1900,700,3405.482178,0.046760634,8.103322399,0.002187242,483.4002784,5.83060415
138,2000,700,3405.720059,0.075372952,8.812323776,0.005633335,416.7019768,9.419891063
139,2100,700,3403.872412,0.058052266,9.228786457,0.003378119,409.337022,5.005619001
140,2200,700,3402.998042,0.070208034,10.23606045,0.004929029,386.5131771,5.267397965
141,2300,700,3403.15393,0.128724458,12.1650145,0.016570931,323.986262,8.81497967
142,2400,700,3404.150368,0.154003723,17.00722051,0.023703802,227.3336174,3.179189652
143,2500,700,3410.51488,0.906090188,28.83890558,0.822791862,95.38162952,6.737872221
144,200,800,3427.93851,0.138425629,14.04218043,0.019214416,238.2868269,4.151190952
145,300,800,3421.692207,0.094500745,10.74013721,0.008873124,358.4438311,7.38183322
146,400,800,3418.927416,0.078813895,8.759626372,0.006213135,454.4756018,12.54121001
147,500,800,3420.483115,0.054832454,8.311359671,0.00301936,460.580664,6.930023089
148,600,800,3421.772068,0.062745101,8.417558822,0.003948885,456.4357861,8.758411229
149,700,800,3421.468181,0.072762801,8.358232495,0.005294844,455.5323062,11.79452537
150,800,800,3422.645687,0.079709936,8.789887889,0.006354765,426.0257292,11.19423557
151,900,800,3421.768091,0.076055799,8.651676215,0.005786415,446.8154303,11.57203794
152,1000,800,3422.34764,0.061560324,8.548931357,0.003789991,451.0527805,7.912076086
153,1100,800,3422.508647,0.065000902,8.26900208,0.004232823,463.8058143,9.972315409
154,1200,800,3422.759402,0.065438519,8.065736791,0.004286102,491.3630744,11.93363038
155,1300,800,3422.69888,0.057914231,8.636876252,0.003354328,432.0469827,6.294899271
156,1400,800,3419.563485,0.072106798,8.037305383,0.005195662,409.1773199,10.09552183
157,1500,800,3414.816107,0.080479563,8.211733575,0.006477167,482.1730962,16.74812941
158,1600,800,3411.290085,0.06642581,7.997036978,0.004411495,490.3130223,12.43132069
159,1700,800,3409.115311,0.059330565,8.713619326,0.003496988,401.3157208,5.54140691
160,1800,800,3409.010287,0.074046334,8.889419048,0.00548549,380.0747545,7.517917594
161,1900,800,3405.912906,0.059573152,8.099876406,0.003560972,471.8609328,9.063268088
162,2000,800,3404.222028,0.048163808,8.123773653,0.002338381,482.33709,6.217506943
163,2100,800,3403.279336,0.083821773,8.767929985,0.007029984,453.5039873,14.09975152
164,2200,800,3404.258541,0.088032242,10.28914268,0.007746475,383.1046319,8.052444743
165,2300,800,3403.996808,0.094052508,12.54336848,0.008862415,305.124393,3.924762058
166,2400,800,3406.948008,0.160711533,17.31090018,0.025887579,220.6658828,3.095982723
167,2500,800,3439.765921,1.199781307,36.89659978,1.454002554,73.70340497,4.313834657
168,200,900,3420.087247,0.095653904,11.99749238,0.00915338,308.8101005,4.546780613
169,300,900,3418.909922,0.109390797,10.05544704,0.011967191,387.6555231,13.33890971
170,400,900,3418.03722,0.075080409,8.693309296,0.005641527,453.0146389,11.49346702
171,500,900,3419.06347,0.061911934,8.409007902,0.003844554,460.6546655,8.732387062
172,600,900,3419.967972,0.072901443,8.445631626,0.005325597,461.5671642,11.89279101
173,700,900,3420.369784,0.075107704,8.413282256,0.00564156,462.5187862,12.78673931
174,800,900,3420.073506,0.053151446,8.26450567,0.002826134,464.3190152,6.688344546
175,900,900,3419.691038,0.077498215,8.271105264,0.005989212,464.9631982,14.20980722
176,1000,900,3421.179851,0.068400636,8.8356364,0.00466116,419.2869544,7.89628783
177,1100,900,3420.444469,0.041831852,8.329833991,0.001758589,448.5667175,3.832094701
178,1200,900,3420.351309,0.068683956,8.172499486,0.004729373,468.1546447,11.63009446
179,1300,900,3420.144769,0.08085733,8.468441246,0.006556544,463.7271778,14.73833518
180,1400,900,3418.768526,0.07408387,8.498490532,0.005500439,379.3280396,8.209684432
181,1500,900,3415.458123,0.057378167,8.169291894,0.003292562,475.6015213,8.369137794
182,1600,900,3410.722763,0.06066698,7.905584203,0.00366316,494.38228,10.76118892
183,1700,900,3409.002656,0.055140059,8.292187884,0.003031828,465.1509518,7.15439292
184,1800,900,3405.804061,0.06676025,7.892335316,0.004456827,505.4538634,13.71005486
185,1900,900,3406.288636,0.055434978,8.254835772,0.003074848,451.7648962,6.903709199
186,2000,900,3405.591569,0.063783762,8.715667523,0.004086822,416.0519247,7.00966895
187,2100,900,3404.433892,0.057203713,8.899771942,0.003272359,429.309083,5.710735764
188,2200,900,3404.433833,0.089738273,10.36339191,0.008062407,380.4234135,8.146350123
189,2300,900,3406.487041,0.088607441,12.63764558,0.007901033,306.5444879,3.485425646
190,2400,900,3411.295699,0.136471668,17.6238406,0.018669608,215.9791795,2.103218895
191,2500,900,3425.74129,1.001691637,31.55714673,1.009685948,87.76910386,5.830585454
192,200,1000,3417.995986,0.09362381,12.01700164,0.008770791,325.8191623,4.834892876
193,300,1000,3417.425777,0.086976365,10.04424143,0.007563604,388.4643439,8.497780353
194,400,1000,3418.038798,0.064118649,9.083166598,0.004108721,416.8382585,6.493116319
195,500,1000,3417.845017,0.08401945,8.346628738,0.00701282,458.2342144,15.8632405
196,600,1000,3418.386175,0.087177063,8.095881145,0.00760143,490.7877261,20.94805064
197,700,1000,3419.754131,0.073357481,8.963824982,0.005370507,415.4918528,8.649234222
198,800,1000,3418.498645,0.062635762,8.273321627,0.003924759,470.3477538,9.572737082
199,900,1000,3420.575776,0.071537475,8.890799746,0.005113117,392.1197906,7.41491423
200,1000,1000,3419.630568,0.066310896,8.420628153,0.004399677,457.5919738,9.73997003
201,1100,1000,3419.445817,0.065508766,8.691302998,0.004294162,425.1232419,7.701156581
202,1200,1000,3419.724744,0.061450696,8.679748506,0.003795672,414.9602609,6.498446796
203,1300,1000,3418.114822,0.058389601,8.040164738,0.003411074,490.6168678,9.541911264
204,1400,1000,3417.374394,0.065843447,8.364263483,0.004341244,396.1774928,7.298622991
205,1500,1000,3414.122887,0.060216798,8.205069681,0.003637624,469.6176149,8.945906798
206,1600,1000,3411.651129,0.078160039,8.466359956,0.006119659,457.0830582,13.38298753
207,1700,1000,3408.433844,0.065584783,8.080047962,0.004305071,492.2876763,11.99344128
208,1800,1000,3406.871517,0.060758151,8.044457657,0.003687448,485.75851,10.0159924
209,1900,1000,3407.0166,0.05152886,8.166484914,0.002649996,462.5596749,6.29581523
210,2000,1000,3406.770796,0.065955031,8.127143115,0.004365721,483.6093399,11.58984536
211,2100,1000,3407.481177,0.06984458,8.965190437,0.004878347,437.0320528,8.694360644
212,2200,1000,3407.435093,0.067668876,10.3921344,0.004580593,375.8797533,4.493175546
213,2300,1000,3410.261071,0.078851212,12.47068715,0.006251827,294.7096963,2.621768731
214,2400,1000,3414.634119,0.162272742,17.59698013,0.026315314,221.9809934,3.141098371
215,2500,1000,3417.293703,0.932187876,27.68470102,0.871335765,99.98322484,8.505874669
216,200,1100,3416.83516,0.113837752,11.72116562,0.012943559,332.0681689,7.79241463
217,300,1100,3418.147913,0.096594094,10.73131382,0.00930304,352.4799049,7.537999987
218,400,1100,3417.064212,0.063810602,9.083755773,0.004042546,427.394477,6.724464056
219,500,1100,3422.214465,0.096816141,10.27290938,0.009440436,332.1163926,7.376969243
220,600,1100,3419.687352,0.068890495,8.840785856,0.004759873,431.3859224,8.542823477
221,700,1100,3418.151067,0.060730822,8.607497661,0.00367478,413.0790913,6.314342077
222,800,1100,3419.226652,0.081362697,9.154337982,0.006583164,383.6059689,8.645313229
223,900,1100,3420.275279,0.083725184,9.466163566,0.007049853,379.88229,8.535691847
224,1000,1100,3418.956905,0.082229889,8.58568994,0.00676308,448.6133339,13.84588257
225,1100,1100,3418.650006,0.093679956,8.773483258,0.008780217,437.5822204,16.36052299
226,1200,1100,3417.461157,0.065383786,8.329053174,0.004277529,470.7902814,10.24509687
227,1300,1100,3416.778285,0.043943691,8.130554679,0.001918469,472.0142324,4.780297261
228,1400,1100,3415.895944,0.078098021,8.565079041,0.006099582,359.0379719,8.038260622
229,1500,1100,3414.579243,0.071363982,8.550453513,0.005076692,452.8235668,10.65771603
230,1600,1100,3411.403016,0.067372087,8.375773883,0.00454328,464.5641409,10.47043218
231,1700,1100,3409.364942,0.079356494,8.328056027,0.006297734,474.5958153,15.33880053
232,1800,1100,3408.119812,0.054969382,8.077444035,0.003020618,486.3641706,8.211166312
233,1900,1100,3408.664282,0.052623218,7.95446744,0.002770951,487.9928334,7.817684157
234,2000,1100,3410.20094,0.070886372,8.030509583,0.005025271,493.7315703,14.24588254
235,2100,1100,3411.898004,0.085806236,9.190827439,0.007368001,425.1828448,11.82802957
236,2200,1100,3412.787427,0.069838099,10.42403484,0.004880153,375.5645385,4.748808997
237,2300,1100,3414.157149,0.117849225,12.82016175,0.013967779,300.0547315,5.749729712
238,2400,1100,3420.265935,0.158216817,16.65745008,0.025013281,232.9394876,3.670403837
239,2500,1100,3429.042324,0.794763823,29.42082383,0.632294929,84.60826062,3.918695968
240,200,1200,3416.310102,0.082976629,12.25135269,0.006887798,315.0926271,3.416006887
241,300,1200,3416.82725,0.107746433,10.19800306,0.011647185,380.4605163,12.16172022
242,400,1200,3416.322575,0.063250592,8.965205452,0.004029529,430.4528505,7.054031843
243,500,1200,3419.112673,0.056314669,8.89103286,0.003187083,428.8680098,5.554488573
244,600,1200,3418.80834,0.06566598,8.530338096,0.004317514,449.280969,8.962345821
245,700,1200,3418.831446,0.074186209,8.90771973,0.005501545,420.5252666,9.191323025
246,800,1200,3417.866298,0.063375921,8.674809135,0.003983093,434.2175068,7.47197631
247,900,1200,3416.78536,0.063233326,8.509348864,0.003988659,452.0273095,8.448898475
248,1000,1200,3416.104243,0.090584842,8.117457047,0.008199637,480.4027065,21.45676479
249,1100,1200,3416.603458,0.071987848,8.33227571,0.005172271,460.5893279,11.86081526
250,1200,1200,3415.838902,0.074411049,8.368992775,0.005534391,471.1260763,13.10087225
251,1300,1200,3415.692851,0.068684035,8.304705236,0.004712621,465.7323406,11.11588464
252,1400,1200,3414.757283,0.07159851,8.112734849,0.005128139,409.5456132,9.798689372
253,1500,1200,3413.553523,0.090720504,8.272472018,0.008234656,463.2941698,19.38744085
254,1600,1200,3411.233902,0.06948393,8.115428173,0.004828721,486.4978421,13.02324278
255,1700,1200,3410.480129,0.076312629,8.52397689,0.005851511,445.5878686,11.93016387
256,1800,1200,3409.813118,0.046369919,8.263261378,0.002139356,461.5716325,5.01446406
257,1900,1200,3411.685457,0.072003258,8.44837459,0.005200403,452.5506562,11.18303909
258,2000,1200,3413.511972,0.057950948,8.365890976,0.003356925,457.533264,7.544408054
259,2100,1200,3417.110139,0.076245574,9.242613725,0.005850468,401.1459912,8.244807216
260,2200,1200,3419.239076,0.080575338,10.37934358,0.006500384,373.010591,6.304405405
261,2300,1200,3419.225645,0.120841585,12.37374195,0.014607728,319.6729809,7.309840101
262,2400,1200,3423.50754,0.150916613,17.49355465,0.022796005,220.569271,2.717601271
263,2500,1200,3427.851115,0.829115494,26.87610728,0.688001914,99.28842893,7.037805274
264,200,1300,3416.12422,0.098838387,12.15879702,0.009788355,320.6860554,5.140948455
265,300,1300,3416.476087,0.07988724,9.847310644,0.006373596,402.0380486,7.967376826
266,400,1300,3417.094159,0.056120978,8.835289322,0.003148835,439.0769074,5.832226882
267,500,1300,3418.184317,0.086629283,8.818503572,0.007477907,419.490249,12.76648272
268,600,1300,3417.878523,0.098199585,8.385772147,0.00963798,471.163659,22.81587027
269,700,1300,3417.943507,0.073039978,8.612912674,0.005347856,457.9689481,11.32826336
270,800,1300,3416.57112,0.059633626,8.379659182,0.003551729,463.7952691,8.161682022
271,900,1300,3415.683241,0.071613087,8.330306383,0.00510305,468.9377737,12.13403802
272,1000,1300,3415.814078,0.06673452,8.397144055,0.004519048,457.6696198,10.07443145
273,1100,1300,3415.715134,0.057048474,8.304130103,0.003274342,450.7314987,7.258723827
274,1200,1300,3414.914296,0.079062546,8.140623942,0.006238896,482.3651234,16.44096376
275,1300,1300,3414.484984,0.043508829,8.078010512,0.001885606,486.8485151,5.143690907
276,1400,1300,3414.790479,0.061396356,8.073088751,0.003923573,402.2798763,7.230492645
277,1500,1300,3413.247143,0.070918966,8.202500021,0.005031023,482.241771,13.03964043
278,1600,1300,3411.72918,0.075008944,8.256478872,0.005630203,462.1445316,13.21903255
279,1700,1300,3410.157484,0.064313701,8.057821536,0.004128238,480.0123304,10.95216326
280,1800,1300,3411.762118,0.074373175,8.667385127,0.005533563,436.1820566,10.50709522
281,1900,1300,3412.760773,0.054448655,8.227109688,0.002969172,465.1071114,7.101002902
282,2000,1300,3418.311684,0.082038172,9.364285473,0.00681544,363.1176458,7.717226204
283,2100,1300,3420.927309,0.077053634,9.650489693,0.005953488,404.5404679,7.892794378
284,2200,1300,3422.678944,0.071712696,10.22279874,0.005130523,375.7371749,5.201736076
285,2300,1300,3427.291752,0.117073091,14.1297705,0.013802869,261.0702639,3.525908488
286,2400,1300,3430.272064,0.163666344,18.19746156,0.026906298,200.6974886,2.457581261
287,2500,1300,3436.470489,0.839674521,29.26916326,0.708121701,88.47867123,4.830411986
288,200,1400,3417.960716,0.11072319,12.41599204,0.012268939,276.2888191,4.552808127
289,300,1400,3417.011993,0.105800793,10.24281078,0.011181197,381.2686965,11.59945847
290,400,1400,3418.231253,0.086236648,9.502709466,0.007440409,399.34808,9.851231362
291,500,1400,3417.863988,0.068873131,8.747900649,0.004790409,431.2425082,8.701863523
292,600,1400,3420.02353,0.074878932,9.489001258,0.005605074,372.3026026,6.468951185
293,700,1400,3417.451563,0.091293807,8.34910051,0.008351241,470.4365122,19.88912995
294,800,1400,3418.273464,0.081294651,8.699748786,0.006609817,432.7265142,12.26314544
295,900,1400,3417.179616,0.06325575,8.598605808,0.004019548,433.6212896,7.682953993
296,1000,1400,3414.925985,0.056252544,8.10328328,0.00316741,483.0148986,8.439264106
297,1100,1400,3415.219498,0.055411522,8.476217867,0.003066061,452.2778835,6.54032274
298,1200,1400,3415.326033,0.068607932,8.635287438,0.004713605,447.4089141,9.48108756
299,1300,1400,3414.675881,0.061967356,8.199693068,0.003840451,474.724315,9.653532205
300,1400,1400,3413.718029,0.067458178,8.126171323,0.004547629,410.5774388,8.713543
301,1500,1400,3413.526852,0.066803784,8.200421423,0.004435707,459.6283731,10.43317847
302,1600,1400,3412.28051,0.079900711,8.151213751,0.006368791,476.2025038,16.28690716
303,1700,1400,3411.185877,0.059183166,8.226052143,0.00350998,470.7053811,8.634959672
304,1800,1400,3411.182673,0.052832149,8.033211235,0.002800623,479.9412227,7.514325057
305,1900,1400,3413.960855,0.064831982,8.374421168,0.004202682,462.5131869,9.615255732
306,2000,1400,3422.506663,0.162013285,10.09402632,0.026322034,307.6991684,18.34104538
307,2100,1400,3425.473648,0.131556078,10.97618214,0.01731851,308.3623719,10.246016
308,2200,1400,3424.800204,0.080621394,10.96425121,0.006495596,341.5671596,4.718189032
309,2300,1400,3425.051775,0.112850129,12.62927358,0.012738756,313.0518021,5.869083491
310,2400,1400,3427.628705,0.162244425,17.0416897,0.026353366,227.371333,3.524674061
311,2500,1400,3435.919267,0.846627064,28.00575202,0.719098354,98.85999026,6.702391151
312,200,1500,3415.760656,0.098444916,12.09474476,0.009691003,324.6263739,5.235695054
313,300,1500,3416.518915,0.075178883,10.20075219,0.005638706,382.0570405,5.936535018
314,400,1500,3417.944363,0.078061762,9.326116014,0.006167568,393.9130068,8.241817976
315,500,1500,3419.696309,0.100184562,9.250610813,0.01002646,387.4490399,13.19084077
316,600,1500,3419.985237,0.08388669,9.095851897,0.007089972,394.4430941,10.01562982
317,700,1500,3417.207069,0.065234828,8.413196732,0.004245363,465.7664479,9.763656552
318,800,1500,3416.6374,0.051332647,8.342467454,0.002635222,467.5145439,6.206603464
319,900,1500,3416.501347,0.062544658,8.367942364,0.003914638,461.8654576,8.939083632
320,1000,1500,3415.042543,0.065166515,8.190165565,0.004243952,481.7909617,11.0310964
321,1100,1500,3414.729552,0.065176662,8.187873247,0.00424811,473.5756028,10.6336762
322,1200,1500,3414.779816,0.073211763,8.417891832,0.005347614,465.8840902,12.27334378
323,1300,1500,3415.212727,0.067138871,8.658369914,0.004506497,443.4812747,8.864751993
324,1400,1500,3414.539083,0.077415552,8.243886412,0.006028339,391.4903709,10.19543509
325,1500,1500,3413.79366,0.065614459,8.285503033,0.004274696,463.7832723,10.05858409
326,1600,1500,3412.625602,0.06876205,8.06887717,0.004770416,480.2844076,12.71042936
327,1700,1500,3412.093568,0.076779678,7.856258439,0.005912264,493.0412995,17.45395703
328,1800,1500,3412.868009,0.063528265,8.312545319,0.004149477,453.2258734,9.392895138
329,1900,1500,3417.024546,0.113162263,9.453379313,0.012811514,336.2074476,12.14681602
330,2000,1500,3419.009657,0.067140132,9.0795758,0.00454876,385.6368112,6.149180628
331,2100,1500,3419.688353,0.06930491,8.759136323,0.004803241,444.2919891,9.268284073
332,2200,1500,3422.613103,0.083323268,10.31989964,0.006949374,378.5168025,7.006356037
333,2300,1500,3424.754594,0.153288872,12.53721804,0.023524745,315.7451012,11.19493643
334,2400,1500,3428.181186,0.171610555,17.35994321,0.029458783,223.6432227,3.668535112
335,2500,1500,3434.460018,0.945163514,28.14433745,0.895169481,98.5860766,8.221684101
336,200,1600,3417.240767,0.084101275,12.36050945,0.007053588,296.6059435,3.040396999
337,300,1600,3416.456811,0.078868964,10.15179948,0.006221027,386.8309964,6.773948019
338,400,1600,3417.950335,0.070849309,9.401324337,0.004995936,403.0139605,6.88872981
339,500,1600,3417.265649,0.055789559,8.529239113,0.003112889,445.8229549,6.377967285
340,600,1600,3418.223258,0.082750001,8.604977192,0.006784066,448.5481563,13.8158757
341,700,1600,3417.803749,0.065526006,8.574450345,0.004295585,442.4145577,8.573713892
342,800,1600,3417.221801,0.078124013,8.729619948,0.006077081,428.4420348,10.96299903
343,900,1600,3419.653849,0.10334997,10.06202474,0.010688592,325.0058542,8.308806307
344,1000,1600,3417.034387,0.07553127,8.964184405,0.005723878,408.9865061,8.934054938
345,1100,1600,3415.373967,0.05797551,8.442440886,0.003361972,443.7779902,6.965678732
346,1200,1600,3415.673443,0.05546275,8.147033596,0.003076468,477.6827005,7.931453935
347,1300,1600,3416.205681,0.078111365,8.642024189,0.006084124,431.4423664,11.23289088
348,1400,1600,3415.155456,0.078890652,8.380379098,0.006226012,395.069936,10.3743607
349,1500,1600,3414.997504,0.080032417,8.195353812,0.006405969,477.2862042,16.29379975
350,1600,1600,3413.276763,0.057413695,7.914401295,0.003298306,493.0437876,9.573544606
351,1700,1600,3412.098161,0.047286111,8.088971704,0.002224174,480.0533393,5.88239666
352,1800,1600,3411.756691,0.057841466,7.956454759,0.003332845,490.0344536,9.468928928
353,1900,1600,3414.302323,0.061774641,8.416509829,0.003856407,435.5246447,7.762889786
354,2000,1600,3415.894304,0.072738384,8.500393862,0.005304119,439.8398423,10.77577588
355,2100,1600,3419.056191,0.088522983,9.130603615,0.007997654,417.5089957,12.55437186
356,2200,1600,3420.601343,0.08217892,10.19610553,0.006763926,383.5141777,7.175409389
357,2300,1600,3423.720533,0.117371899,12.53381109,0.013778021,309.0185197,6.280464343
358,2400,1600,3430.960531,0.135841257,18.7774224,0.018424962,191.160478,1.431465948
359,2500,1600,3433.132377,0.850665123,28.10610548,0.724685914,97.38819257,6.517719742
360,200,1700,3415.46488,0.107935084,11.74978536,0.011647513,334.5866207,7.083280843
361,300,1700,3416.524951,0.078859461,10.31802794,0.006227864,380.9060362,6.363013504
362,400,1700,3416.622581,0.064255505,9.132502253,0.004178819,418.9908137,6.56723966
363,500,1700,3416.835107,0.074556985,8.713881966,0.005565378,444.2150932,10.85206117
364,600,1700,3419.126893,0.080737164,9.229638601,0.006497241,372.5094051,7.933646543
365,700,1700,3417.582184,0.073773884,8.732299475,0.005437403,433.1271743,10.02240149
366,800,1700,3416.413975,0.061308012,8.417817264,0.003758904,451.3489177,8.104456795
367,900,1700,3416.69701,0.063505889,8.103180404,0.004035537,481.7918894,10.694298
368,1000,1700,3417.156577,0.074679128,8.544067492,0.00559651,445.4206927,11.38854483
369,1100,1700,3416.529445,0.070883355,8.382854413,0.005038545,453.6093514,11.04137011
370,1200,1700,3416.121249,0.084805372,8.370829529,0.007187884,468.3558308,16.86080485
371,1300,1700,3419.732144,0.084540435,9.240912631,0.007139419,357.1156519,7.997293376
372,1400,1700,3421.365947,0.132449742,10.63233937,0.017712079,250.7730684,7.369298776
373,1500,1700,3415.487866,0.055629476,8.466209324,0.003082167,448.3891226,6.453691425
374,1600,1700,3413.189536,0.061353815,8.235411752,0.003744873,465.9979061,9.010713328
375,1700,1700,3412.657017,0.058013108,8.520189108,0.003350252,440.2356548,6.721688653
376,1800,1700,3412.517169,0.061487768,8.676568002,0.003764162,427.0071472,6.845114719
377,1900,1700,3412.778975,0.056771331,8.352401069,0.003229565,452.1468781,7.098432809
378,2000,1700,3413.943644,0.044190725,8.136573124,0.00194468,474.1992774,4.95286942
379,2100,1700,3416.047365,0.095222204,8.90224533,0.009068389,442.615294,16.81125729
380,2200,1700,3418.714552,0.108186886,10.65372051,0.011711338,366.9090744,10.40958692
381,2300,1700,3419.979024,0.119216397,12.29041142,0.014223182,319.4035334,7.193288201
382,2400,1700,3427.143207,0.15865439,17.93937396,0.025115379,204.8513518,2.45663149
383,2500,1700,3429.827931,0.919339757,27.69797273,0.847228076,100.0752958,8.27752929
384,200,1800,3414.987282,0.100874086,12.23310929,0.010244183,317.6430853,5.184577872
385,300,1800,3415.754679,0.091386381,10.00751615,0.008412798,391.7478525,9.652674633
386,400,1800,3415.575739,0.107708898,8.735022276,0.011612552,444.7531421,22.56880326
387,500,1800,3416.458271,0.047365575,8.623908708,0.002202649,447.7095336,4.445675253
388,600,1800,3417.319235,0.058981926,8.402632722,0.003490827,452.3224405,7.596346296
389,700,1800,3416.923343,0.063305451,8.176711738,0.004021078,476.0325347,10.21019514
390,800,1800,3417.461127,0.083319304,8.439419244,0.006934857,453.7532788,15.03631103
391,900,1800,3416.853571,0.08155201,8.349257032,0.00665172,465.776535,15.52398445
392,1000,1800,3416.269797,0.057160339,8.321901729,0.003273729,468.6965456,7.782358141
393,1100,1800,3416.77875,0.051528859,8.311283063,0.002636038,450.0627005,5.812414138
394,1200,1800,3415.722613,0.0667205,8.457101628,0.00445562,461.1178475,9.927155153
395,1300,1800,3416.565575,0.078970214,8.588559481,0.006243767,449.590286,12.84804323
396,1400,1800,3416.285755,0.090040749,8.77819508,0.008121288,364.5628305,10.52707017
397,1500,1800,3413.656137,0.052202007,8.272179087,0.002720775,467.3539155,6.54249325
398,1600,1800,3413.780183,0.071920363,8.299856627,0.005270289,462.1280583,12.2851524
399,1700,1800,3411.942386,0.070629686,7.929143723,0.004994791,497.5409882,14.78300039
400,1800,1800,3411.37385,0.054754092,8.004565908,0.002991799,484.2759592,8.202847965
401,1900,1800,3411.966974,0.06929254,8.440349297,0.004777756,449.9936761,10.05099675
402,2000,1800,3412.665596,0.061443688,8.164597495,0.003789367,470.755884,9.429875449
403,2100,1800,3415.264333,0.093333491,9.14183301,0.008719242,426.1535492,14.20548032
404,2200,1800,3415.725211,0.075159148,10.14493958,0.005658205,388.4411906,6.206825523
405,2300,1800,3419.116734,0.102079538,12.89286792,0.010409172,300.0468148,4.23133296
406,2400,1800,3421.674441,0.140993181,16.83571901,0.019892525,228.4949979,2.753178013
407,2500,1800,3425.649604,0.854499942,25.89744775,0.731106823,106.0346203,9.183200342
408,200,1900,3414.523768,0.112841468,12.01890399,0.012686466,327.2108246,7.051366478
409,300,1900,3416.691083,0.075692118,10.15226723,0.005729211,372.441845,5.798066884
410,400,1900,3415.675339,0.08768535,8.852697217,0.007695601,441.8743786,14.36898707
411,500,1900,3416.205436,0.055361782,8.337850196,0.003025057,458.3696073,6.81758392
412,600,1900,3420.534877,0.087915142,9.550564704,0.007781581,347.5384238,7.735123583
413,700,1900,3418.042937,0.066519126,8.408614503,0.004425641,459.8804278,9.914896432
414,800,1900,3417.170104,0.068742787,8.495402765,0.004723934,458.0227001,10.29086308
415,900,1900,3417.05068,0.064282845,8.442231116,0.004201149,459.7014943,9.353947414
416,1000,1900,3417.652438,0.061962513,8.869491176,0.003840335,380.4263882,5.297615973
417,1100,1900,3416.324164,0.055197426,8.26618173,0.003048682,472.9423514,7.506768498
418,1200,1900,3415.259371,0.064864326,8.191439742,0.00420711,478.3588526,10.75130687
419,1300,1900,3416.06905,0.076839435,8.698772517,0.005902862,440.9502505,11.35875102
420,1400,1900,3415.608824,0.088883877,8.51307355,0.007892135,384.3338054,12.02245332
421,1500,1900,3413.392238,0.059018115,8.079839882,0.003475648,478.8007019,9.135188596
422,1600,1900,3412.792289,0.054623038,7.935038396,0.002995719,495.9091333,8.765469171
423,1700,1900,3412.908423,0.082533216,8.132653275,0.0068133,475.0946118,17.43646441
424,1800,1900,3412.433503,0.063683578,8.602023483,0.004030998,430.4655368,7.589629669
425,1900,1900,3413.099734,0.067328382,8.620609744,0.00453455,404.6250707,7.490789364
426,2000,1900,3413.6414,0.068903965,8.659865798,0.004783755,423.3885138,8.483183286
427,2100,1900,3415.075377,0.069716505,9.229690765,0.004828635,403.2598618,6.909729234
428,2200,1900,3415.763572,0.085578599,10.54008102,0.007326924,363.4513556,6.531802446
429,2300,1900,3417.797566,0.127785814,13.06184576,0.016186898,288.0452676,5.884879405
430,2400,1900,3425.519098,0.161842529,18.16176945,0.02621208,179.1782055,1.912557006
431,2500,1900,3427.339637,0.827522518,29.08213109,0.684955799,91.04280341,5.026988946
432,200,2000,3414.515814,0.092791318,11.7326173,0.008623334,336.1703937,5.312022026
433,300,2000,3416.401891,0.085852264,10.16626679,0.007361012,373.8273539,7.470989467
434,400,2000,3415.982182,0.086959888,8.661349619,0.00757987,450.0718254,15.35203284
435,500,2000,3415.95616,0.056242516,8.398032165,0.003164984,468.754125,7.398961891
436,600,2000,3418.170571,0.068564594,8.46059854,0.004694593,459.9312441,10.33562918
437,700,2000,3417.242149,0.097551381,8.308815638,0.009535802,475.9900548,23.43394499
438,800,2000,3416.472235,0.06408136,8.054602067,0.004109672,493.2167906,11.56223691
439,900,2000,3417.250405,0.067650312,8.295444196,0.004595784,467.4643202,10.92184898
440,1000,2000,3416.633977,0.065818956,8.55140215,0.004324444,452.5170787,9.035237489
441,1100,2000,3415.787068,0.047114035,8.246059587,0.002222957,463.4268936,5.242644203
442,1200,2000,3414.991909,0.052875396,8.339732221,0.002811816,470.6485679,6.708022177
443,1300,2000,3414.739367,0.046724883,8.207384401,0.002180424,478.1048573,5.576044919
444,1400,2000,3416.075396,0.107871265,8.920108642,0.011657978,364.201278,14.55289389
445,1500,2000,3414.809094,0.066716252,8.163064994,0.004494273,474.948593,11.37663744
446,1600,2000,3414.324359,0.067500342,8.482253927,0.004563405,423.7638883,8.529564758
447,1700,2000,3413.123018,0.069980001,8.280447313,0.00489882,465.0864567,11.58754838
448,1800,2000,3412.103346,0.06114859,8.314692659,0.003744303,470.1210417,8.9609673
449,1900,2000,3412.012147,0.049350207,8.130510968,0.002435137,469.3362679,6.086112067
450,2000,2000,3412.185029,0.078131691,8.520961725,0.00611218,457.4263774,13.19715561
451,2100,2000,3413.302632,0.077431537,9.072802246,0.005998934,426.2510592,9.92634376
452,2200,2000,3415.082312,0.070486355,10.7223668,0.004971034,350.4840696,3.981667294
453,2300,2000,3418.503824,0.12984059,13.59625822,0.016771203,271.3826994,5.022106255
454,2400,2000,3420.394528,0.163287577,17.83460115,0.026667111,215.3925097,2.916908247
455,2500,2000,3422.243999,0.816869175,26.81123744,0.66857119,101.7493377,7.21279317
456,200,2100,3415.714324,0.100983354,12.28549194,0.01020087,313.9991428,4.996377484
457,300,2100,3416.450844,0.091800211,9.849045219,0.008428969,399.4457713,10.39669856
458,400,2100,3418.529945,0.095840815,9.658472638,0.00920025,389.539981,11.20903856
459,500,2100,3417.266265,0.065043477,8.262237322,0.004230042,476.2362054,10.54031508
460,600,2100,3418.871957,0.060331326,8.408754209,0.003649128,453.5555742,7.940443792
461,700,2100,3418.568714,0.067085381,8.396551428,0.00450099,456.7640726,9.988710145
462,800,2100,3418.293073,0.067785421,8.266297168,0.004589129,462.178504,10.74288346
463,900,2100,3418.331916,0.069589967,8.484658002,0.004844604,454.261606,10.41187153
464,1000,2100,3418.03772,0.081696169,8.77300275,0.006629563,415.2653954,11.09025378
465,1100,2100,3416.113995,0.071387782,8.571653108,0.005093894,457.7708031,10.88816041
466,1200,2100,3415.14096,0.05727877,8.081985787,0.003294773,480.9394007,8.736982432
467,1300,2100,3415.747418,0.075637499,8.272294323,0.00572296,467.5650523,13.70871026
468,1400,2100,3415.891794,0.084029844,8.424881677,0.007058077,389.0481937,11.28841209
469,1500,2100,3414.896219,0.065509032,8.153667795,0.00428708,472.6486419,10.80637261
470,1600,2100,3414.74504,0.049827592,8.181224282,0.002482939,479.1476806,6.387150209
471,1700,2100,3415.637941,0.087982506,9.044644729,0.007747108,399.6015713,11.33439109
472,1800,2100,3412.461283,0.054116208,8.069710065,0.002936559,470.5988931,7.478973257
473,1900,2100,3414.072473,0.069500531,8.987917316,0.004857715,399.7852985,7.238918979
474,2000,2100,3412.674041,0.057823226,8.403999436,0.003361959,454.0567701,7.352926694
475,2100,2100,3413.117422,0.051462644,9.141376994,0.002647829,411.7783393,4.034983005
476,2200,2100,3412.983783,0.078615924,9.957064161,0.0061859,386.4434235,7.002461797
477,2300,2100,3414.967508,0.125210036,12.89169638,0.015691601,303.5139994,6.517236112
478,2400,2100,3420.926659,0.186461412,19.37339792,0.034814937,196.2758307,2.679210062
479,2500,2100,3420.12373,0.85044869,26.8756729,0.725004882,102.835419,7.943142904
480,200,2200,3415.125105,0.098207768,11.85204641,0.00964595,334.3614888,5.757382052
481,300,2200,3417.424252,0.070772519,10.60530259,0.00501514,354.6485498,4.247926302
482,400,2200,3420.399416,0.074134543,9.969650542,0.005504062,362.9957648,5.486123509
483,500,2200,3418.199304,0.0794415,8.476655735,0.006310321,458.6866579,13.85913054
484,600,2200,3419.964128,0.069118873,8.752102077,0.004708685,420.1410481,8.137500211
485,700,2200,3421.192095,0.062160527,8.967055054,0.003866157,388.1696526,5.469656101
486,800,2200,3423.741065,0.236125231,10.68251949,0.056048018,306.1626862,34.36442282
487,900,2200,3424.891739,0.310047191,11.56409003,0.097234874,258.8043533,36.14528337
488,1000,2200,3417.835378,0.071521103,8.326221474,0.00512065,470.9060768,12.29412579
489,1100,2200,3417.254406,0.047548071,8.386589043,0.002275902,455.7027534,5.024932445
490,1200,2200,3416.896118,0.058785326,8.483378478,0.003447028,453.1564435,7.358532211
491,1300,2200,3416.776226,0.07551241,8.244440043,0.005708653,473.2727111,14.09548378
492,1400,2200,3416.636082,0.063403897,8.161577118,0.004103348,395.0229642,7.199193053
493,1500,2200,3416.522716,0.082069392,8.263646126,0.006728812,478.5086445,16.92534269
494,1600,2200,3416.683269,0.054877701,8.54587325,0.0030122,434.9213034,5.850299958
495,1700,2200,3415.496949,0.062041204,8.457591386,0.003856001,455.7026401,8.391445495
496,1800,2200,3413.653102,0.066719376,8.052900861,0.004455529,487.1745753,12.21930228
497,1900,2200,3412.796756,0.06784928,7.970761514,0.004598097,494.8488937,13.31061718
498,2000,2200,3415.076747,0.071362819,8.798039896,0.005104069,427.0836525,9.014811929
499,2100,2200,3417.549652,0.138425096,10.98661811,0.01918436,312.981778,11.66488175
500,2200,2200,3416.386361,0.111466872,11.13363036,0.012415833,309.9674727,7.181580976
501,2300,2200,3417.805865,0.121844508,13.64217562,0.01484416,258.2818266,3.970556598
502,2400,2200,3415.440876,0.173885171,16.90413369,0.030226138,226.5364016,4.071428498
503,2500,2200,3417.694481,0.826503499,25.94346274,0.685104122,105.1582302,8.42433073
504,200,2300,3415.94772,0.098662675,12.10159649,0.009743445,316.3412776,4.990197445
505,300,2300,3417.755003,0.085697912,10.2505698,0.007339054,376.6413304,7.415884879
506,400,2300,3419.03519,0.068698255,9.838322632,0.004762828,362.1801386,4.825689015
507,500,2300,3417.89212,0.078660304,8.274190339,0.00617658,477.3179208,15.42134728
508,600,2300,3421.189362,0.069502296,8.957285381,0.004846514,397.9732209,7.268821165
509,700,2300,3419.955869,0.053618958,8.397897061,0.002908689,441.7220466,6.053227645
510,800,2300,3424.619082,0.149191533,10.07894441,0.022232739,339.577218,18.83370834
511,900,2300,3425.240141,0.160085983,10.60428836,0.025777316,306.1711157,16.13258643
512,1000,2300,3419.147824,0.065002866,8.502596259,0.004202013,435.8493586,8.254360555
513,1100,2300,3418.717773,0.063188515,8.424680208,0.003969408,453.6069515,8.703436233
514,1200,2300,3419.167322,0.058675895,8.504514746,0.003443718,428.4780079,6.554763936
515,1300,2300,3419.533089,0.073665077,8.799335757,0.00543099,430.0588582,9.722989027
516,1400,2300,3417.460014,0.076904297,8.132737169,0.005913341,405.4516263,11.02215148
517,1500,2300,3417.659132,0.067330109,8.15966337,0.004535551,479.5137543,11.74220149
518,1600,2300,3417.028903,0.061231838,8.172665522,0.003771679,473.5079409,9.557171705
519,1700,2300,3416.967998,0.061274786,8.490007841,0.003756044,445.1605338,7.742359719
520,1800,2300,3415.507466,0.055980075,8.294580635,0.003158308,442.3734548,6.71662041
521,1900,2300,3414.459047,0.059987966,8.266798226,0.003591708,462.9968079,8.417147808
522,2000,2300,3414.887081,0.066373852,8.402509507,0.004406603,465.23203,10.13026811
523,2100,2300,3418.231622,0.209104077,11.04004954,0.043817579,283.5217624,21.65085939
524,2200,2300,3414.25066,0.0902055,10.51703736,0.008141409,368.7136413,7.501603465
525,2300,2300,3416.476746,0.181124945,14.3678128,0.032878233,224.5042598,6.009157168
526,2400,2300,3415.292272,0.16714885,18.01521122,0.027797444,209.3241823,2.819421281
527,2500,2300,3420.00569,1.043898687,27.62064147,1.094619855,96.60468733,10.00437093
528,200,2400,3415.458132,0.095622503,11.97295602,0.009147739,329.632203,5.198500053
529,300,2400,3421.673703,0.097661266,11.58319778,0.009553403,294.0094123,4.614294263
530,400,2400,3418.145654,0.068914513,8.99562412,0.004748114,430.980094,8.174980094
531,500,2400,3418.753008,0.069244228,8.503263317,0.004797803,447.7792889,9.987883491
532,600,2400,3419.932147,0.066142787,8.373334548,0.004377671,457.5245619,9.838424508
533,700,2400,3419.550942,0.058857306,8.118779751,0.003464613,478.2834059,9.016817688
534,800,2400,3420.74378,0.060344218,8.591545454,0.003624431,448.1404684,7.393255323
535,900,2400,3420.492323,0.061529351,8.578506433,0.003771148,431.8126246,7.21716495
536,1000,2400,3419.76352,0.066684294,8.39205709,0.004451447,465.6097543,10.27360059
537,1100,2400,3420.103609,0.079983633,8.589452208,0.006396875,448.2077541,13.06432648
538,1200,2400,3418.891007,0.074603957,7.991949338,0.00555823,493.9797911,15.91886291
539,1300,2400,3419.230418,0.070994731,8.388531144,0.005067884,466.1886711,11.7170147
540,1400,2400,3419.58491,0.071714785,8.080398663,0.005144484,407.6138264,9.811110243
541,1500,2400,3419.932904,0.062780732,8.475177805,0.003941678,448.6385101,8.283449635
542,1600,2400,3419.163618,0.050317205,8.108268199,0.002536155,479.675491,6.672778856
543,1700,2400,3417.139379,0.086835602,8.030187493,0.007541542,494.1250534,21.41401998
544,1800,2400,3416.183286,0.057005741,8.161992177,0.003250505,476.6750085,8.313294359
545,1900,2400,3415.543248,0.064512182,8.664649122,0.004168126,422.3537711,7.418133698
546,2000,2400,3414.1779,0.080047738,8.367026977,0.006424784,467.491709,15.04766989
547,2100,2400,3413.854769,0.072552724,9.05954352,0.005268279,428.8975526,8.868952808
548,2200,2400,3412.023902,0.109980756,9.992030881,0.012128277,395.3623325,14.25378861
549,2300,2400,3412.018763,0.110104308,12.58726784,0.012112899,308.1140513,5.440595051
550,2400,2400,3413.42386,0.1584367,17.28679829,0.025096054,224.5161667,3.17525542
551,2500,2400,3417.411853,0.866803434,27.59575483,0.753015533,97.73280407,7.068508829
552,200,2500,3415.631236,0.10475576,12.04918197,0.010975824,328.2051861,6.10683351
553,300,2500,3416.602124,0.066510811,10.09576102,0.004408072,373.6299205,4.511639455
554,400,2500,3419.860195,0.080479283,9.650087224,0.006451301,377.903503,7.391203656
555,500,2500,3419.620422,0.078684333,8.807291178,0.006175606,432.8995661,11.19285986
556,600,2500,3419.793391,0.067096276,8.397896259,0.004502806,453.5155793,9.847255068
557,700,2500,3420.733892,0.077993068,8.562067275,0.006112978,444.5013652,12.36908471
558,800,2500,3421.077904,0.066717234,8.348756441,0.004459127,462.583792,10.28702363
559,900,2500,3422.369111,0.080185324,8.561927448,0.006439778,448.5561898,13.25927586
560,1000,2500,3422.088651,0.055515592,8.564058239,0.00309759,424.7274388,5.722065776
561,1100,2500,3421.67349,0.050090923,8.540775305,0.002525986,433.7540375,4.915356386
562,1200,2500,3422.254366,0.064689494,8.391139671,0.004185622,473.8280677,10.00771359
563,1300,2500,3424.042883,0.050644831,8.444282072,0.002639676,453.6031344,5.687068893
564,1400,2500,3424.370018,0.067025559,8.530332273,0.004492363,360.7227259,6.025059527
565,1500,2500,3424.991639,0.075052405,8.746276756,0.005659553,435.0407969,10.48611154
566,1600,2500,3423.103337,0.050794522,8.061653595,0.002585234,464.2951125,6.424942132
567,1700,2500,3422.381616,0.076002051,8.764459589,0.005793826,414.4143315,9.706043033
568,1800,2500,3419.122969,0.080485964,8.268175254,0.006490777,465.2852589,15.44900105
569,1900,2500,3416.184498,0.058962609,8.180410491,0.003487382,480.6444417,9.014022154
570,2000,2500,3415.927256,0.084557229,9.174356372,0.007119004,392.5803143,9.783554621
571,2100,2500,3414.545067,0.067095448,9.272566711,0.004473289,404.017212,6.367128058
572,2200,2500,3413.69388,0.105123287,10.6454744,0.01101541,356.026099,9.249195113
573,2300,2500,3413.25996,0.117516122,12.51531102,0.013809838,308.9251842,6.300965335
574,2400,2500,3414.484392,0.136799131,16.93608327,0.018714793,224.7419321,2.471507783
575,2500,2500,3424.795022,0.951059555,31.02655955,0.910012415,74.01163211,3.867737311
576,200,2600,3415.323334,0.096553709,11.59401566,0.009358775,340.9969746,6.075363931
577,300,2600,3416.518913,0.08464752,9.979843926,0.007160793,397.7058721,8.52706319
578,400,2600,3417.709461,0.065694806,8.887886872,0.004316509,438.2320351,7.869638993
579,500,2600,3419.55203,0.058895843,8.861168245,0.003478678,413.2752221,5.707933999
580,600,2600,3420.802533,0.070750148,8.816786773,0.005027675,425.9422761,8.772076712
581,700,2600,3422.056961,0.066503695,8.87156916,0.004427333,402.9113977,6.842830608
582,800,2600,3424.993356,0.090255682,9.403875455,0.008178455,386.8887516,10.39217108
583,900,2600,3423.840752,0.067548718,8.346063401,0.00456972,466.6586788,10.70344241
584,1000,2600,3424.880071,0.078769785,8.516637391,0.006180943,454.6154407,13.18370794
585,1100,2600,3425.888411,0.067482299,8.740926489,0.004542245,422.6756759,8.017246552
586,1200,2600,3427.155353,0.061889635,8.542025289,0.003844741,442.4533906,7.739222432
587,1300,2600,3427.816739,0.069982693,8.586645292,0.004937047,415.5860242,8.67693695
588,1400,2600,3427.227133,0.079399291,8.305337869,0.006305598,379.2748017,9.860669168
589,1500,2600,3426.389678,0.071783376,8.366569827,0.005158137,466.7038451,12.0272983
590,1600,2600,3425.028032,0.071062409,8.094050517,0.005054219,481.8586081,13.41144232
591,1700,2600,3423.517017,0.061118374,8.287456686,0.00374029,457.3202589,8.441542832
592,1800,2600,3421.257152,0.063305604,7.990045172,0.004028623,479.2949175,11.01076374
593,1900,2600,3419.840126,0.058975057,8.257153237,0.003427873,458.5469866,7.925664021
594,2000,2600,3417.229859,0.063774288,8.60865618,0.004062541,442.4485233,8.045839203
595,2100,2600,3413.657615,0.068765174,8.738690692,0.004738751,445.5911288,9.147830558
596,2200,2600,3414.568913,0.084260426,11.07603627,0.007153038,329.6864788,4.744564059
597,2300,2600,3412.906645,0.140601747,12.27786274,0.0197679,321.5879057,10.17107694
598,2400,2600,3415.287711,0.153959681,17.11793398,0.023714353,226.6319552,3.116448301
599,2500,2600,3422.024496,0.872991983,27.65576789,0.764107414,99.17179816,7.352669624
600,200,2700,3417.061704,0.07918685,12.29099316,0.006271735,313.4134107,3.058129828
601,300,2700,3416.974805,0.069189033,9.990204965,0.004788592,383.6117497,5.294321354
602,400,2700,3418.440391,0.080334533,9.093156069,0.00645286,427.9130788,10.6970434
603,500,2700,3419.093024,0.089985627,8.555981985,0.008098918,457.096946,17.33391587
604,600,2700,3422.134047,0.082004839,9.43494335,0.006790128,374.2730496,7.988737158
605,700,2700,3421.996907,0.067025123,8.339994627,0.004490996,460.4762632,10.26699666
606,800,2700,3424.759597,0.081971376,8.538967306,0.006720739,458.1505963,14.50817657
607,900,2700,3435.855303,0.366547646,13.05273931,0.137839973,180.8665237,19.43177368
608,1000,2700,3431.925471,0.226838732,10.53878762,0.051536817,319.5048427,35.49860616
609,1100,2700,3429.869944,0.058363893,8.52797179,0.003406666,427.1708557,6.410156945
610,1200,2700,3430.84944,0.079901371,8.888807995,0.006395809,431.691783,11.32990964
611,1300,2700,3432.920012,0.08220781,8.966151851,0.006768099,429.64607,11.65922271
612,1400,2700,3433.317758,0.101555433,8.691029899,0.01032971,366.4744765,13.75661117
613,1500,2700,3432.501771,0.061100353,8.456206338,0.003733388,466.0343892,8.504114917
614,1600,2700,3429.467369,0.065553068,8.075722289,0.004299917,489.8309686,11.85278778
615,1700,2700,3427.435727,0.073939249,8.359950139,0.005471625,458.3917851,12.33120632
616,1800,2700,3423.790542,0.07276608,8.466848936,0.005196265,456.6876678,11.04586438
617,1900,2700,3423.49853,0.110922682,9.648417132,0.012402322,348.8012694,12.16428338
618,2000,2700,3417.888529,0.052695161,8.29420762,0.002790934,467.4138741,6.656048732
619,2100,2700,3416.505477,0.068570591,9.387298947,0.004703375,404.2090539,6.538725681
620,2200,2700,3414.338955,0.065804599,10.74476457,0.004296601,353.0420771,3.476927068
621,2300,2700,3413.681868,0.120320332,12.57091736,0.014472342,311.7789273,6.679252231
622,2400,2700,3417.772797,0.178392074,17.45339171,0.031819857,222.2035153,3.868071013
623,2500,2700,3452.566704,1.481784471,41.61830503,2.317864209,56.04310464,2.990226993
624,200,2800,3415.722896,0.102288034,11.71057579,0.010509515,337.152079,6.537659849
625,300,2800,3416.548134,0.080120195,9.861540462,0.00642381,398.172572,7.850786119
626,400,2800,3417.704457,0.051507502,8.993642877,0.002658383,440.4008232,4.781594419
627,500,2800,3419.105158,0.057538746,8.438774855,0.003340805,461.8470853,7.488329276
628,600,2800,3421.120797,0.067184965,8.191812083,0.004518745,475.7175293,11.4297887
629,700,2800,3423.164005,0.062071991,8.554179336,0.003834758,448.1487636,7.898034436
630,800,2800,3426.38384,0.081124876,9.242865548,0.006545355,326.3173036,6.041642911
631,900,2800,3434.37097,0.121260183,10.04373914,0.01477319,322.250578,11.39876967
632,1000,2800,3433.594761,0.104553616,9.069754781,0.010926973,414.0854944,17.05261613
633,1100,2800,3433.558171,0.079693248,9.2751366,0.006395277,380.5544738,8.07525583
634,1200,2800,3437.38208,0.065715848,8.716198275,0.00431745,451.9793015,8.684999109
635,1300,2800,3441.079673,0.053225185,-8.801836855,0.002835008,440.6351885,5.325357346
636,1400,2800,3441.505555,0.098005501,9.125778809,0.009615956,339.7789201,9.988460773
637,1500,2800,3438.98098,0.062175497,-8.543915943,0.003865926,449.4121532,8.021592645
638,1600,2800,3437.682642,0.081376667,9.497092575,0.006628274,364.2098379,7.31100475
639,1700,2800,3431.97943,0.060097748,8.739231182,0.003609302,430.7316576,6.571281574
640,1800,2800,3427.189031,0.050205132,8.094381617,0.002527823,482.8081596,6.741893113
641,1900,2800,3421.909101,0.061335306,8.346093958,0.003753408,453.8315084,8.32102052
642,2000,2800,3419.404878,0.076744653,9.017035905,0.005897779,405.9479967,8.929994809
643,2100,2800,3418.259089,0.052771688,8.830455506,0.002764921,434.4756083,5.032668447
644,2200,2800,3415.669683,0.084202697,10.97459068,0.007080056,354.0566939,5.526269625
645,2300,2800,3413.727238,0.090161522,12.4638525,0.008132951,309.4091276,3.755174874
646,2400,2800,3417.511735,0.154563799,17.68581575,0.023904358,217.3313304,2.706416963
647,2500,2800,3426.101097,0.926695574,28.3013696,0.861337381,95.80930708,7.379943841
648,200,2900,3416.157881,0.089323996,11.9419154,0.007992284,331.0459,4.599762758
649,300,2900,3418.582134,0.077692365,10.40311163,0.00604123,352.8984749,5.267867144
650,400,2900,3418.741074,0.069210008,9.232954469,0.004791983,411.1676581,7.12516479
651,500,2900,3420.088571,0.074233025,8.483718479,0.005517362,457.1219925,12.01985577
652,600,2900,3422.932147,0.05950631,8.585596499,0.003496759,441.4489399,6.913771763
653,700,2900,3424.102859,0.051695119,8.432646909,0.002670338,451.8621876,5.724255074
654,800,2900,3426.494906,0.08451537,8.310639532,0.007147553,455.5159108,16.11647927
655,900,2900,3431.398737,0.076571918,9.183952108,0.005855375,402.3112557,8.449590367
656,1000,2900,3432.485418,0.061528736,8.578652995,0.003782543,451.2201285,7.81446287
657,1100,2900,3440.437679,0.096807032,-9.341225267,0.009382406,422.6822607,14.39440989
658,1200,2900,3447.529871,0.176016166,-10.2264895,0.032626716,353.9534651,27.85033226
659,1300,2900,3456.255564,0.269657336,11.64233809,0.091167548,281.9818422,21.71707982
660,1400,2900,3457.736468,0.289922329,11.551716,0.10088616,162.8121362,7.08749324
661,1500,2900,3453.390376,0.169134887,10.85807442,0.034961509,340.8214401,19.0838227
662,1600,2900,3442.727493,0.129889154,-9.394429035,0.016934579,422.0362685,25.55161318
663,1700,2900,3434.521832,0.084848568,8.502737545,0.007200098,454.9363994,15.45783441
664,1800,2900,3428.525696,0.086168497,8.162343505,0.007422412,470.9658418,18.51262532
665,1900,2900,3423.984563,0.053738429,8.175009255,0.002888473,474.4478878,7.281015361
666,2000,2900,3421.030346,0.075106432,8.598782923,0.005644726,450.0813025,11.59222094
667,2100,2900,3418.162585,0.074310143,9.075063175,0.005522061,429.1870768,9.262973631
668,2200,2900,3417.019376,0.074783989,10.15404983,0.005585862,378.2735406,5.8112198
669,2300,2900,3412.721436,0.108783785,12.19473824,0.01184752,322.1197032,6.183611118
670,2400,2900,3416.16203,0.13752155,18.09411452,0.018912665,204.9676184,1.820115555
671,2500,2900,3419.257259,0.850838061,27.69399829,0.725160924,97.70681476,6.760605286
672,200,3000,3416.150586,0.078095423,11.94973595,0.006099929,315.3751443,3.186141521
673,300,3000,3418.888124,0.072562743,10.68099451,0.00530126,358.4569144,4.481859687
674,400,3000,3418.791995,0.065151491,8.996031752,0.004234966,432.649093,7.28574002
675,500,3000,3420.849254,0.08423905,8.413007191,0.007115954,461.6923373,16.04435248
676,600,3000,3422.300048,0.056755627,8.114970063,0.003221248,486.9905986,8.700595181
677,700,3000,3424.517364,0.074570943,8.643471573,0.005563175,435.574632,10.59216353
678,800,3000,3427.089181,0.055280646,8.500747144,0.003063379,454.229877,6.528740045
679,900,3000,3431.184301,0.066265801,8.37761724,0.004416488,465.612782,10.24656941
680,1000,3000,3436.443352,0.088156954,8.741567587,0.007770636,453.4521423,15.65656436
681,1100,3000,3446.108718,0.113165468,-9.285588248,0.013000968,418.9112443,19.59138233
682,1200,3000,3463.185943,0.432221312,11.5043812,0.146056906,241.7639937,11.52127746
683,1300,3000,3482.711414,8.513416786,11.69731218,6.74385963,141.6339916,6717.071429
684,1500,3000,3492.536341,8.868764594,16.19530615,5.570832992,349.9020834,31221.49882
685,1600,3000,3454.922844,0.251752659,11.47848057,0.079477588,308.1945269,26.79436259
686,1700,3000,3437.393611,0.129003988,-9.933900949,0.016690672,387.2540365,18.97542044
687,1800,3000,3430.80546,0.078605941,8.867826091,0.006111611,412.824786,9.87256166
688,1900,3000,3426.056019,0.06981275,8.017917017,0.004875955,490.1162924,13.6740518
689,2000,3000,3421.789313,0.065526014,8.26896858,0.004293768,470.0967863,10.40806369
690,2100,3000,3419.55334,0.057034967,9.462885489,0.003243155,396.7636163,4.270019741
691,2200,3000,3417.830684,0.086379265,10.20354556,0.007473986,383.9359417,7.942027809
692,2300,3000,3416.180222,0.094691107,13.75915062,0.008966983,270.4596212,2.598368503
693,200,3100,3418.597797,0.079275276,12.32329435,0.006303196,305.6899602,2.92410687
694,300,3100,3418.247028,0.074778811,10.09838924,0.005614684,388.3290026,6.207121825
695,400,3100,3418.820158,0.066630363,8.937470237,0.004491388,435.0164329,8.049791952
696,500,3100,3421.327498,0.065713526,8.590391637,0.004319813,439.2360072,8.467797644
697,600,3100,3423.100088,0.066703492,8.479506463,0.004448208,467.1546557,10.08342591
698,700,3100,3424.709624,0.046766681,8.229235083,0.002188871,466.9424982,5.283108791
699,800,3100,3429.785982,0.076493522,8.806180846,0.00586798,429.1573508,10.46377295
700,900,3100,3431.76555,0.074297355,8.394645069,0.005512113,466.7418595,12.78202758
701,1000,3100,3438.977098,0.071518393,-8.709026721,0.005115631,454.8818745,10.46570193
702,1700,3100,3413.460006,0.862612562,-3.399659014,1.012196846,2.42033317,0.135634433
703,1800,3100,3431.333902,0.080046725,8.684007816,0.006418662,441.11727,12.40293096
704,1900,3100,3427.441904,0.064695084,8.528574494,0.004186905,455.147537,8.940950798
705,2000,3100,3423.392014,0.068251961,8.549882598,0.004649927,423.6805027,8.569182536
706,2100,3100,3419.549783,0.053325438,9.064526001,0.002811692,415.7476498,4.432210345
707,2200,3100,3419.660843,0.085814206,10.62102514,0.007348814,356.6126553,6.224284722
708,2300,3100,3416.003152,0.101568546,12.78032978,0.010316919,304.6346917,4.396037978
709,200,3300,3418.357116,0.107594888,12.13302819,0.011582156,324.1762002,6.204109441
710,300,3300,3418.322183,0.090331737,9.773552716,0.008155555,403.9846981,10.45580686
711,400,3300,3418.802923,0.085063525,8.837881673,0.007231184,444.1673397,13.69440014
712,500,3300,3423.160013,0.092737227,9.276171726,0.008653134,385.7772031,11.24271733
713,600,3300,3429.987878,0.094821859,9.912864822,0.009006691,308.2845906,6.52388158
714,700,3300,3435.154389,0.173232103,11.43792131,0.030553244,94.82562929,1.546537929
715,800,3300,3436.680083,0.103878871,9.43279919,0.010787063,232.9521988,4.910482158
716,900,3300,3432.890228,0.062420542,8.769165676,0.003909139,395.4930567,5.976521911
717,1000,3300,3438.795562,0.056715639,-9.043616985,0.003217207,413.2138177,5.036701934
718,1900,3300,3426.48801,0.056289326,8.348554528,0.003177353,464.0514513,7.376729096
719,2000,3300,3423.693979,0.05510292,8.792938893,0.003087282,434.7554418,5.624404003
720,2100,3300,3421.931956,0.088919266,9.265681264,0.007909126,426.87927,12.57943786
721,2200,3300,3430.71079,0.227739649,15.61076073,0.052278144,210.5584994,7.083181438
722,2300,3300,3423.846371,0.158143401,15.74908795,0.025267724,242.7114007,4.539398717
723,1900,3400,3425.091494,0.074615397,7.963887426,0.005588302,493.5077867,16.06928971
724,2000,3400,3421.922232,0.068417701,8.601726749,0.004649216,452.6676255,9.664239626
725,2100,3400,3419.173198,0.059505395,9.011617159,0.003550122,423.5134359,5.885402718
726,2200,3400,3418.769959,0.076132149,10.73563703,0.00581438,358.7806735,4.873024661
727,2300,3400,3416.398688,0.102587679,12.93883458,0.010524791,299.6635646,4.233623013
728,1900,3500,3423.839443,0.072965017,8.15322884,0.005318949,483.8681818,14.05171093
729,2000,3500,3419.129877,0.075668615,8.166041013,0.005772684,479.9497804,14.96928168
730,2100,3500,3418.338719,0.064007029,9.282167515,0.004098499,402.4122439,5.775512927
731,2200,3500,3417.50866,0.084097679,10.64448922,0.007020645,345.3468476,5.538656936
732,2300,3500,3414.513344,0.112204414,12.79931631,0.012585448,305.460914,5.379138801
733,1900,3600,3420.521044,0.054986567,8.386676053,0.003045099,461.3434674,6.869680035
734,2000,3600,3420.191674,0.072048047,8.73278983,0.005171984,415.1613578,8.779204989
735,2100,3600,3418.595239,0.055556441,9.244513299,0.003105008,406.7967067,4.479566185
736,2200,3600,3415.569706,0.097514981,10.72103766,0.009507126,366.0140046,8.317216124
737,2300,3600,3413.203136,0.082151151,13.0934893,0.006751327,287.3039508,2.442210378
738,1900,3700,3420.010011,0.05498158,8.155977059,0.003030693,473.8236777,7.665378011
739,2000,3700,3419.394994,0.080971818,9.413384145,0.00657434,407.5907403,9.242744944
740,2100,3700,3425.282471,0.271563522,11.77060331,0.074667797,106.1778302,4.508102189
741,2200,3700,3415.096555,0.097184079,10.98292553,0.009459189,347.8800892,7.111393905
742,2300,3700,3413.645403,0.112379304,13.20624459,0.012632763,280.3840495,4.252336488
743,1900,3800,3419.85949,0.065421062,8.401286512,0.004239857,453.6318678,9.270662582
744,2000,3800,3417.538081,0.064283575,8.352105886,0.004135686,473.9756763,9.984941815
745,2100,3800,3415.669718,0.095677073,9.216104435,0.00915066,410.0379871,13.5871967
746,2200,3800,3415.05446,0.083818273,10.76632424,0.007030112,321.6732339,4.704193734
747,2300,3800,3412.217317,0.122268307,12.57138644,0.014959129,309.9256206,6.817934089
748,1900,3900,3418.238582,0.053977665,8.481607925,0.002914473,443.5874002,5.977485782
749,2000,3900,3413.977753,0.071056585,8.387668581,0.005046992,466.8313931,11.72707031
750,2100,3900,3412.787423,0.0705955,9.346915273,0.004984954,410.7536981,7.209307076
751,2200,3900,3412.975209,0.066206323,10.61193369,0.004424777,359.3510567,3.795932488
752,2300,3900,3411.504126,0.104461067,12.91666611,0.01091791,301.3997164,4.45960489
753,1900,4000,3415.396715,0.057803071,8.180360185,0.003338953,484.1191107,8.942983296
754,2000,4000,3412.364082,0.055892372,8.510150033,0.003119212,460.7072354,6.809320627
755,2100,4000,3412.750744,0.078573235,9.459310527,0.006201558,396.2764828,8.220376673
756,2200,4000,3411.275637,0.073835566,10.38251874,0.005452393,367.6976629,5.128335913
757,2300,4000,3410.452789,0.100838079,13.21101633,0.010108363,290.8110016,3.666571822
758,1900,4100,3415.941248,0.066986747,9.09623262,0.004488667,410.5399968,6.855484434
759,2000,4100,3411.976459,0.068158491,9.198783355,0.004656056,415.3123811,7.106362893
760,2100,4100,3410.124948,0.077333219,9.796833931,0.005968555,398.4530633,7.419553395
761,2200,4100,3410.274086,0.093778445,11.780438,0.008773603,326.5935058,5.062934176
762,2300,4100,3409.698823,0.110422122,15.19012596,0.012188599,253.9699281,2.545749662
763,1900,4200,3413.052601,0.072237769,10.04036235,0.005204299,388.7141198,5.834810255
764,2000,4200,3409.700579,0.082960393,9.91677694,0.006874332,395.9548638,8.214886066
765,2100,4200,3409.947101,0.082648955,11.59481547,0.006860945,326.4521963,4.094590327
766,2200,4200,3408.986161,0.090730529,12.39196586,0.008217929,314.4440378,3.965997116
767,2300,4200,3408.079952,0.150548959,17.24048044,0.02266098,222.7763814,2.837899504
768,1900,4300,3413.231111,0.07858573,11.92735889,0.006205114,325.2383587,3.460382881
769,2000,4300,3410.83335,0.108456413,12.22197538,0.011774021,319.9214086,6.057883032
770,2100,4300,3412.311647,0.112526265,14.56093533,0.012657615,253.8140545,2.887295318
771,2200,4300,3409.349708,0.096789936,14.69428056,0.009371296,265.8179883,2.299418732
772,2300,4300,3408.605592,0.183280487,17.54482531,0.033606153,217.3901982,3.874286085
773,1900,4400,3411.870209,0.137360141,14.72012434,0.018895222,268.2720106,4.704111774
774,2000,4400,3410.458094,0.121019689,16.05357961,0.014625541,243.150815,2.516231463
775,2100,4400,3410.583844,0.196481894,21.65618438,0.038561667,180.6239064,2.011543467
776,2200,4400,3409.513562,0.267781129,26.37955384,0.071749432,148.3021641,1.699019051
777,200,3300,3418.357116,0.107594888,12.13302819,0.011582156,324.1762002,6.204109441
778,300,3300,3418.322183,0.090331737,9.773552716,0.008155555,403.9846981,10.45580686
779,400,3300,3418.802923,0.085063525,8.837881673,0.007231184,444.1673397,13.69440014
780,500,3300,3423.160013,0.092737227,9.276171726,0.008653134,385.7772031,11.24271733
781,600,3300,3429.987878,0.094821859,9.912864822,0.009006691,308.2845906,6.52388158
782,700,3300,3435.154389,0.173232103,11.43792131,0.030553244,94.82562929,1.546537929
783,800,3300,3436.680083,0.103878871,9.43279919,0.010787063,232.9521988,4.910482158
784,900,3300,3432.890228,0.062420542,8.769165676,0.003909139,395.4930567,5.976521911
785,1000,3300,3438.795562,0.056715639,-9.043616985,0.003217207,413.2138177,5.036701934
786,200,3300,3418.357116,0.107594888,12.13302819,0.011582156,324.1762002,6.204109441
787,300,3300,3418.322183,0.090331737,9.773552716,0.008155555,403.9846981,10.45580686
788,400,3300,3418.802923,0.085063525,8.837881673,0.007231184,444.1673397,13.69440014
789,500,3300,3423.160013,0.092737227,9.276171726,0.008653134,385.7772031,11.24271733
790,600,3300,3429.987878,0.094821859,9.912864822,0.009006691,308.2845906,6.52388158
791,700,3300,3435.154389,0.173232103,11.43792131,0.030553244,94.82562929,1.546537929
792,800,3300,3436.680083,0.103878871,9.43279919,0.010787063,232.9521988,4.910482158
793,900,3300,3432.890228,0.062420542,8.769165676,0.003909139,395.4930567,5.976521911
794,1000,3300,3438.795562,0.056715639,-9.043616985,0.003217207,413.2138177,5.036701934
795,200,3400,3418.521466,0.084157755,12.21279366,0.007084296,310.7804004,3.439904075
796,300,3400,3418.86529,0.092498818,10.19854045,0.008550477,385.6429703,9.168991518
797,400,3400,3419.373498,0.07398453,9.186221825,0.005472789,419.6086035,8.54407448
798,500,3400,3421.972154,0.067636991,8.58113075,0.004553162,449.7347831,9.45136319
799,600,3400,3423.678796,0.064291045,8.444028705,0.004148587,448.3153556,8.759755497
800,700,3400,3423.854494,0.096650413,8.549970457,0.009327605,336.4531954,10.84247032
801,800,3400,3429.865341,0.088374596,9.710853499,0.007779203,316.1511526,6.190504827
802,900,3400,3430.215299,0.061263756,8.773757815,0.003754007,426.7358927,6.680718165
803,1000,3400,3434.543076,0.051848729,8.695765926,0.002692771,448.216214,5.376266026
804,200,3300,3418.357116,0.107594888,12.13302819,0.011582156,324.1762002,6.204109441
805,300,3300,3418.322183,0.090331737,9.773552716,0.008155555,403.9846981,10.45580686
806,400,3300,3418.802923,0.085063525,8.837881673,0.007231184,444.1673397,13.69440014
807,500,3300,3423.160013,0.092737227,9.276171726,0.008653134,385.7772031,11.24271733
808,600,3300,3429.987878,0.094821859,9.912864822,0.009006691,308.2845906,6.52388158
809,700,3300,3435.154389,0.173232103,11.43792131,0.030553244,94.82562929,1.546537929
810,800,3300,3436.680083,0.103878871,9.43279919,0.010787063,232.9521988,4.910482158
811,900,3300,3432.890228,0.062420542,8.769165676,0.003909139,395.4930567,5.976521911
812,1000,3300,3438.795562,0.056715639,-9.043616985,0.003217207,413.2138177,5.036701934
813,200,3400,3418.521466,0.084157755,12.21279366,0.007084296,310.7804004,3.439904075
814,300,3400,3418.86529,0.092498818,10.19854045,0.008550477,385.6429703,9.168991518
815,400,3400,3419.373498,0.07398453,9.186221825,0.005472789,419.6086035,8.54407448
816,500,3400,3421.972154,0.067636991,8.58113075,0.004553162,449.7347831,9.45136319
817,600,3400,3423.678796,0.064291045,8.444028705,0.004148587,448.3153556,8.759755497
818,700,3400,3423.854494,0.096650413,8.549970457,0.009327605,336.4531954,10.84247032
819,800,3400,3429.865341,0.088374596,9.710853499,0.007779203,316.1511526,6.190504827
820,900,3400,3430.215299,0.061263756,8.773757815,0.003754007,426.7358927,6.680718165
821,1000,3400,3434.543076,0.051848729,8.695765926,0.002692771,448.216214,5.376266026
822,200,3500,3417.628936,0.097162745,11.72898369,0.00944286,331.2373848,5.647174104
823,300,3500,3419.691468,0.059652078,10.52687052,0.003574898,342.4996272,2.836728729
824,400,3500,3419.653602,0.063574484,8.977392777,0.004043132,433.0615798,7.054305658
825,500,3500,3422.47496,0.066510292,8.815776232,0.004397461,418.7388254,7.345076568
826,600,3500,3422.491908,0.05361621,8.344216421,0.002807061,450.9396047,6.009013309
827,700,3500,3422.781151,0.066680026,8.330358824,0.004448013,463.9231703,10.34315647
828,800,3500,3425.711631,0.061965619,8.263983575,0.003876266,468.7130695,9.372178741
829,900,3500,3427.691268,0.062431142,8.305820286,0.003887423,462.1340665,9.030261617
830,1000,3500,3430.540305,0.059535824,8.282088249,0.003547942,473.686179,8.709696494
831,1100,3500,3436.778206,0.07357862,8.783844078,0.005413535,431.6135312,9.831823726
832,1200,3500,3438.014958,0.08864682,-8.61369588,0.007841559,459.7937435,16.67534885
833,1300,3500,3442.204568,0.101667834,-9.708390068,0.010432792,386.2458416,12.25989886
834,1400,3500,3444.490447,0.147054464,-11.18095508,0.021722118,183.7885152,4.390049487
835,200,3600,3417.3363,0.117873991,11.93479208,0.013896889,332.7300698,8.099724561
836,300,3600,3419.52462,0.078387876,10.34214004,0.006113595,374.2760768,6.01325585
837,400,3600,3419.470372,0.066624469,8.883635985,0.004439257,437.7311749,8.082955275
838,500,3600,3421.515862,0.065444347,8.647752871,0.004279862,442.8843741,8.402035046
839,600,3600,3422.118312,0.059414239,8.466765021,0.003544673,450.7087497,7.519441851
840,700,3600,3421.207596,0.071187847,8.052949019,0.005070215,487.8451959,13.95597906
841,800,3600,3423.382139,0.066094986,8.466154771,0.00436262,455.3989614,9.465538369
842,900,3600,3427.053968,0.061149167,8.21863835,0.003742647,475.8778632,9.403541093
843,1000,3600,3427.36535,0.064478525,8.160645781,0.004173266,471.1191718,10.44526864
844,1100,3600,3429.041853,0.057526977,8.353473153,0.003304367,462.2003497,7.606684142
845,1200,3600,3432.735978,0.079066476,8.308350357,0.006256148,464.3684866,14.64915437
846,1300,3600,3434.971892,0.08333188,8.219639858,0.006938573,478.0955179,17.6318845
847,1400,3600,3435.330115,0.093251727,8.415949362,0.008679636,242.0638546,5.380592342
848,200,3700,3418.102652,0.115475991,11.81594778,0.01331767,329.4353817,7.76460488
849,300,3700,3418.38184,0.094440598,9.780084198,0.008920179,399.1288675,11.14140617
850,400,3700,3419.620728,0.047253143,9.234265196,0.002240651,399.2895081,3.126577302
851,500,3700,3419.916971,0.061982847,8.403397102,0.00383081,462.6048,8.696163364
852,600,3700,3420.498024,0.063702104,7.999092966,0.004058263,495.7769686,11.69044711
853,700,3700,3421.442569,0.078161956,8.282086751,0.006136492,467.9157394,14.79435592
854,800,3700,3422.357606,0.066237674,8.410822278,0.004389894,466.8923593,10.14062713
855,900,3700,3424.978285,0.052550203,8.481972694,0.002752257,448.1088818,5.760792913
856,1000,3700,3425.198128,0.067180168,8.418998818,0.004503537,457.7000199,9.980089492
857,1100,3700,3424.947643,0.063896186,8.529712148,0.004117931,454.4068254,8.712620307
858,1200,3700,3427.619412,0.064252116,8.222340855,0.004125877,476.9421345,10.41324506
859,1300,3700,3429.52312,0.052341085,8.407879196,0.002740545,463.7269374,6.250556103
860,1400,3700,3430.888875,0.107025038,8.653925011,0.01144759,239.5682546,6.572443531
861,200,3800,3418.084679,0.11010719,11.65578667,0.01213585,340.7323347,7.770079365
862,300,3800,3419.80328,0.061813018,10.30386438,0.003806262,369.5226199,3.688032248
863,400,3800,3420.075899,0.062307937,9.030634811,0.003885128,409.6769674,5.9930363
864,500,3800,3421.058469,0.060047419,8.680289271,0.003607631,436.2923035,6.832519955
865,600,3800,3421.277139,0.066419645,8.506678455,0.004411831,439.5179192,8.832662983
866,700,3800,3421.051703,0.063313975,8.179975832,0.004017958,468.7825526,9.827002143
867,800,3800,3420.867213,0.07133903,8.354357724,0.005081621,471.1357099,12.09920229
868,900,3800,3421.309301,0.056584261,8.574834126,0.0032277,435.6531764,6.237239107
869,1000,3800,3421.935211,0.05638403,8.446076403,0.003157342,457.6362506,6.942895848
870,1100,3800,3424.663175,0.069851333,8.3746371,0.004879933,450.0195131,10.56697653
871,1200,3800,3424.261363,0.059316908,8.093879633,0.00349208,480.226609,9.232333206
872,1300,3800,3424.615073,0.067645166,8.18109605,0.004571741,480.8383948,11.85134722
873,1400,3800,3424.48277,0.173552576,9.19555477,0.030344673,246.2176764,16.23522056
874,200,3900,3419.352302,0.09898243,11.79162665,0.00982069,326.8001684,5.655176819
875,300,3900,3418.766089,0.071716338,9.922609089,0.005144617,393.2603037,6.05937664
876,400,3900,3420.473505,0.063861111,9.457676385,0.004101773,404.6843874,5.686439821
877,500,3900,3422.463341,0.077826618,9.350758072,0.006066046,367.1104168,7.003654342
878,600,3900,3419.895565,0.057291661,8.013489009,0.00328244,485.6007309,9.03989593
879,700,3900,3419.35699,0.071288026,8.059869652,0.005109096,488.9965591,14.0668116
880,800,3900,3419.271784,0.070941031,8.107908385,0.005034279,487.7396479,13.6598089
881,900,3900,3419.417383,0.084616218,8.081572918,0.007161836,486.1448539,19.43242102
882,1000,3900,3418.938617,0.073544469,8.133548669,0.005416679,486.2730477,14.51197045
883,1100,3900,3420.619712,0.062914589,8.422498477,0.003990146,460.7055573,8.933994729
884,1200,3900,3421.738731,0.101081872,8.079768541,0.010227166,492.6627396,28.49403154
885,1300,3900,3422.890103,0.070683875,8.221810302,0.004999812,477.5143449,12.63749216
886,1400,3900,3422.463031,0.164827836,9.031323488,0.02725138,258.9960457,16.70958516
887,200,4000,3418.80107,0.105921288,11.48926907,0.011214049,339.6253457,7.348867138
888,300,4000,3420.028708,0.06933118,10.2647105,0.004808805,375.7177198,4.83347092
889,400,4000,3420.549741,0.066650176,9.061460468,0.004449692,419.0127097,7.099315142
890,500,4000,3423.728315,0.114048448,9.226065035,0.013040735,348.9702933,13.94101242
891,600,4000,3420.4998,0.072925023,8.381858091,0.005324035,467.5885355,12.43628573
892,700,4000,3418.739359,0.062098906,8.14103887,0.003868635,484.048659,10.26045086
893,800,4000,3418.414984,0.059497772,8.205654153,0.003540281,474.5320757,8.879263787
894,900,4000,3418.469618,0.079027947,8.184254797,0.006247014,478.882217,16.03786722
895,1000,4000,3418.984067,0.067268075,8.348000334,0.004532674,454.942051,10.14386032
896,1100,4000,3418.983674,0.062125015,8.652381316,0.003862817,438.8579395,7.448674976
897,1200,4000,3418.867772,0.052190452,8.030836978,0.002726892,479.1335419,7.277936658
898,1300,4000,3421.279184,0.067855309,8.472369334,0.004620194,454.8308601,10.04455702
899,1400,4000,3423.806756,0.282601154,11.93473137,0.083070644,150.8010636,9.54763059
900,200,4100,3417.403992,0.121119106,11.56299654,0.014675463,343.2777038,9.697757139
901,300,4100,3419.177482,0.082166783,10.00845146,0.006762561,392.3966752,7.807470756
902,400,4100,3419.945513,0.07778044,9.256354994,0.006034511,424.015244,9.450274852
903,500,4100,3423.676234,0.10530169,9.90073651,0.011095827,344.1867188,10.05276155
904,600,4100,3419.311078,0.080167827,8.565425296,0.006434684,461.8774019,14.02882305
905,700,4100,3418.044223,0.079251519,8.519912027,0.006223355,458.1957732,13.44376019
906,800,4100,3417.184666,0.065082408,8.586464685,0.004239016,456.0615629,8.963362633
907,900,4100,3417.635884,0.06756642,8.792950588,0.004571753,440.641004,8.599824557
908,1000,4100,3417.77591,0.066697866,8.763675554,0.004449287,445.4809679,8.631493443
909,1100,4100,3418.171398,0.056197775,8.903490998,0.00315876,431.1598866,5.554771098
910,1200,4100,3416.897742,0.06926601,8.264448578,0.00479981,478.0419925,12.03937725
911,1300,4100,3418.142789,0.091030373,8.962473412,0.008279446,432.712428,14.45494852
912,1400,4100,3415.207875,0.184054666,8.144148129,0.033897678,329.5980476,41.66847993
913,200,4200,3418.23065,0.116096974,13.53755658,0.013495201,290.7805959,4.669195261
914,300,4200,3418.57613,0.083715656,11.14674011,0.00705084,339.1013905,4.890231993
915,400,4200,3419.21417,0.078809906,9.803630211,0.006249784,403.0106834,7.911717362
916,500,4200,3421.159377,0.066033468,10.16826766,0.004356323,359.8502592,4.093680501
917,600,4200,3418.509293,0.087962872,9.892943267,0.007743021,402.0679559,9.586712622
918,700,4200,3416.950643,0.097018002,9.702842274,0.009414694,410.0789892,12.61651577
919,800,4200,3416.804651,0.069293256,9.720924036,0.004855974,402.6231884,6.269955606
920,900,4200,3416.727433,0.064141767,10.10160062,0.00411983,378.5911089,4.334574103
921,1000,4200,3416.331313,0.074644949,9.742109513,0.005572072,402.8515818,7.145773801
922,1100,4200,3416.76402,0.072171104,9.903741935,0.005208617,393.7603378,6.197983831
923,1200,4200,3417.346381,0.094872315,9.688448953,0.009010203,398.2425835,11.40794871
924,1300,4200,3418.10578,0.089057107,9.984091236,0.00793651,393.5275434,9.242505
925,1400,4200,3414.585614,0.234157014,9.060978928,0.054622915,293.5689594,43.03688537
926,200,4300,3422.875107,0.157851099,18.65551756,0.024941076,203.4715592,2.223068713
927,300,4300,3417.832332,0.085846267,13.00328997,0.007369801,298.7720177,2.911557342
928,400,4300,3419.483756,0.076124975,12.12238096,0.005759175,309.8193639,2.827962807
929,500,4300,3420.696123,0.090553503,12.08295503,0.008129778,301.4731298,3.80001343
930,600,4300,3418.363601,0.084289803,11.2247968,0.0071088,352.2096095,5.240147654
931,700,4300,3416.926165,0.098676559,11.27668564,0.009750632,349.5154867,7.027554816
932,800,4300,3416.982794,0.112342365,11.57743766,0.012633791,342.0490986,8.265189462
933,900,4300,3415.946826,0.108355674,11.26746241,0.011735225,352.9261438,8.637330024
934,1000,4300,3416.708228,0.087039095,11.31760029,0.007600038,349.3708275,5.430481733
935,1100,4300,3410.077058,0.313489904,7.034134587,0.098323204,325.5428787,157.9241485
936,1200,4300,3410.749717,0.300127788,6.956171384,0.090064368,278.3633803,108.3919645
937,1300,4300,3412.24176,0.350860036,7.902631172,0.123109715,159.4660236,37.58944087
938,1400,4300,3410.205728,0.32377586,6.322020024,0.104826736,285.5074107,160.0028235
939,200,4400,3420.934702,0.136031903,18.50245427,0.018549666,213.2525262,1.845482426
940,300,4400,3418.312289,0.177707508,17.35088653,0.031647916,229.1184757,4.141481436
941,400,4400,3417.35722,0.143403387,15.36430399,0.020579502,255.274118,4.256672015
942,500,4400,3417.508806,0.097961278,14.92739537,0.009586892,262.5322491,2.227006467
943,600,4400,3418.598588,0.1105762,15.16753075,0.012207065,257.8622983,2.644887329
944,700,4400,3417.168498,0.12242589,14.96346803,0.015007332,260.6280573,3.407185132
945,800,4400,3416.19369,0.119416171,14.80868933,0.014262585,268.8438896,3.525055683
946,900,4400,3416.242207,0.116368394,15.08429929,0.013639014,260.8114584,3.05163908
947,1000,4400,3415.751823,0.122536637,14.51715366,0.015014845,269.3858169,3.871427228
948,1100,4400,3415.743065,0.148784642,15.24302956,0.022115834,250.2663202,4.472309043
949,1200,4400,3416.356932,0.164962914,15.29754563,0.027251964,244.8297601,5.229161144
950,1300,4400,3418.683086,0.147282935,15.87387073,0.02172309,229.3220196,3.383297267
951,1400,4400,3417.208635,0.397445754,17.34974398,0.159868835,127.029076,6.36884918